{"cameraMode":{"drawMode":0,"name":"Shaded","section":"Shading Mode"},"sceneLighting":false,"audioPlay":false,"sceneViewState":{"m_AlwaysRefresh":false,"showFog":true,"showSkybox":false,"showFlares":true,"showImageEffects":true,"showParticleSystems":true,"showVisualEffectGraphs":true,"m_FxEnabled":true},"in2DMode":false,"pivot":{"x":11.475908279418946,"y":0.07800006866455078,"z":-2.06502628326416},"rotation":{"x":0.05984972417354584,"y":0.061960481107234958,"z":-0.003716950071975589,"w":0.9962864518165588},"size":7.912290573120117,"orthographic":false}