{"cameraMode":{"drawMode":0,"name":"Shaded","section":"Shading Mode"},"sceneLighting":false,"audioPlay":false,"sceneViewState":{"m_AlwaysRefresh":false,"showFog":true,"showSkybox":false,"showFlares":true,"showImageEffects":true,"showParticleSystems":true,"showVisualEffectGraphs":true,"m_FxEnabled":true},"in2DMode":false,"pivot":{"x":-0.054900288581848147,"y":0.8012197017669678,"z":0.02308487892150879},"rotation":{"x":0.004298117011785507,"y":0.9941660165786743,"z":-0.043273307383060458,"w":0.09874562174081803},"size":2.536026954650879,"orthographic":true}