{"cameraMode":{"drawMode":0,"name":"Shaded","section":"Shading Mode"},"sceneLighting":false,"audioPlay":false,"sceneViewState":{"m_AlwaysRefresh":false,"showFog":true,"showSkybox":false,"showFlares":true,"showImageEffects":true,"showParticleSystems":true,"showVisualEffectGraphs":true,"m_FxEnabled":true},"in2DMode":false,"pivot":{"x":-0.03372073173522949,"y":1.1296663284301758,"z":0.03614354133605957},"rotation":{"x":0.004298117011785507,"y":0.9941660165786743,"z":-0.043273307383060458,"w":0.09874562174081803},"size":3.024259567260742,"orthographic":true}