{"cameraMode":{"drawMode":0,"name":"Shaded","section":"Shading Mode"},"sceneLighting":false,"audioPlay":false,"sceneViewState":{"m_AlwaysRefresh":false,"showFog":true,"showSkybox":false,"showFlares":true,"showImageEffects":true,"showParticleSystems":true,"showVisualEffectGraphs":true,"m_FxEnabled":true},"in2DMode":false,"pivot":{"x":0.05273699760437012,"y":0.4700785279273987,"z":-0.033025145530700687},"rotation":{"x":0.2484445720911026,"y":0.6465979814529419,"z":-0.2356579601764679,"w":0.681667685508728},"size":1.577069640159607,"orthographic":true}