{"cameraMode":{"drawMode":0,"name":"Shaded","section":"Shading Mode"},"sceneLighting":false,"audioPlay":false,"sceneViewState":{"m_AlwaysRefresh":false,"showFog":true,"showSkybox":false,"showFlares":true,"showImageEffects":true,"showParticleSystems":true,"showVisualEffectGraphs":true,"m_FxEnabled":true},"in2DMode":false,"pivot":{"x":-0.005234867334365845,"y":0.798427939414978,"z":-0.001196354627609253},"rotation":{"x":0.2180049568414688,"y":0.2974235713481903,"z":-0.0699562355875969,"w":0.9269017577171326},"size":0.9635800123214722,"orthographic":true}