{"cameraMode":{"drawMode":0,"name":"Shaded","section":"Shading Mode"},"sceneLighting":false,"audioPlay":false,"sceneViewState":{"m_AlwaysRefresh":false,"showFog":true,"showSkybox":false,"showFlares":true,"showImageEffects":true,"showParticleSystems":true,"showVisualEffectGraphs":true,"m_FxEnabled":true},"in2DMode":false,"pivot":{"x":-0.00000476837158203125,"y":2.250349998474121,"z":0.00000476837158203125},"rotation":{"x":-0.015089080668985844,"y":-0.9308419227600098,"z":0.3631787896156311,"w":-0.03852146118879318},"size":7.883697986602783,"orthographic":false}