{"cameraMode":{"drawMode":0,"name":"Shaded","section":"Shading Mode"},"sceneLighting":true,"audioPlay":false,"sceneViewState":{"m_AlwaysRefresh":false,"showFog":true,"showSkybox":true,"showFlares":true,"showImageEffects":true,"showParticleSystems":true,"showVisualEffectGraphs":true,"m_FxEnabled":true},"in2DMode":false,"pivot":{"x":0.6841201782226563,"y":2.4040000438690187,"z":-0.5983466506004334},"rotation":{"x":0.36770233511924746,"y":-0.337706983089447,"z":0.1453751027584076,"w":0.8541759252548218},"size":0.7076191902160645,"orthographic":true}