{"cameraMode":{"drawMode":0,"name":"Shaded","section":"Shading Mode"},"sceneLighting":false,"audioPlay":false,"sceneViewState":{"m_AlwaysRefresh":false,"showFog":true,"showSkybox":false,"showFlares":true,"showImageEffects":true,"showParticleSystems":true,"showVisualEffectGraphs":true,"m_FxEnabled":true},"in2DMode":false,"pivot":{"x":0.00021047517657279968,"y":0.0005082439165562391,"z":0.0006764572462998331},"rotation":{"x":0.15800583362579347,"y":0.6747145056724548,"z":-0.15123429894447328,"w":0.7049307823181152},"size":0.006664646323770285,"orthographic":false}