{"cameraMode":{"drawMode":0,"name":"Shaded","section":"Shading Mode"},"sceneLighting":false,"audioPlay":false,"sceneViewState":{"m_AlwaysRefresh":false,"showFog":true,"showSkybox":false,"showFlares":true,"showImageEffects":true,"showParticleSystems":true,"showVisualEffectGraphs":true,"m_FxEnabled":true},"in2DMode":false,"pivot":{"x":-6.560910224914551,"y":0.5698413848876953,"z":9.46378231048584},"rotation":{"x":0.24472881853580476,"y":-0.15423984825611115,"z":0.039470262825489047,"w":0.9564411640167236},"size":22.433549880981447,"orthographic":false}