{"cameraMode":{"drawMode":0,"name":"Shaded","section":"Shading Mode"},"sceneLighting":true,"audioPlay":false,"sceneViewState":{"m_AlwaysRefresh":false,"showFog":true,"showSkybox":true,"showFlares":true,"showImageEffects":true,"showParticleSystems":true,"showVisualEffectGraphs":true,"m_FxEnabled":true},"in2DMode":false,"pivot":{"x":862.0519409179688,"y":50.708038330078128,"z":571.9419555664063},"rotation":{"x":-0.0008578288834542036,"y":0.922672688961029,"z":-0.38576000928878786,"w":-0.002562016248703003},"size":35.56538009643555,"orthographic":true}