{"cameraMode":{"drawMode":0,"name":"Shaded","section":"Shading Mode"},"sceneLighting":false,"audioPlay":false,"sceneViewState":{"m_AlwaysRefresh":false,"showFog":true,"showSkybox":false,"showFlares":true,"showImageEffects":true,"showParticleSystems":true,"showVisualEffectGraphs":true,"m_FxEnabled":true},"in2DMode":false,"pivot":{"x":-2.1262731552124025,"y":0.06075477600097656,"z":9.784483909606934},"rotation":{"x":0.1341945081949234,"y":0.21809206902980805,"z":-0.03027072176337242,"w":0.9662152528762817},"size":10.522281646728516,"orthographic":false}