{"cameraMode":{"drawMode":0,"name":"Shaded","section":"Shading Mode"},"sceneLighting":false,"audioPlay":false,"sceneViewState":{"m_AlwaysRefresh":false,"showFog":true,"showSkybox":false,"showFlares":true,"showImageEffects":true,"showParticleSystems":true,"showVisualEffectGraphs":true,"m_FxEnabled":true},"in2DMode":false,"pivot":{"x":0.46624159812927248,"y":-0.22448062896728517,"z":1.5562305450439454},"rotation":{"x":0.41960540413856509,"y":-0.426794171333313,"z":0.23374688625335694,"w":0.7662941813468933},"size":3.654209852218628,"orthographic":false}