{"cameraMode":{"drawMode":0,"name":"Shaded","section":"Shading Mode"},"sceneLighting":true,"audioPlay":false,"sceneViewState":{"m_AlwaysRefresh":false,"showFog":true,"showSkybox":true,"showFlares":true,"showImageEffects":true,"showParticleSystems":true,"showVisualEffectGraphs":true,"m_FxEnabled":true},"in2DMode":false,"pivot":{"x":794.5700073242188,"y":24.55844497680664,"z":440.65179443359377},"rotation":{"x":0.05984972417354584,"y":0.061960481107234958,"z":-0.003716950071975589,"w":0.9962864518165588},"size":0.8660253882408142,"orthographic":false}