{"cameraMode":{"drawMode":0,"name":"Shaded","section":"Shading Mode"},"sceneLighting":false,"audioPlay":false,"sceneViewState":{"m_AlwaysRefresh":false,"showFog":true,"showSkybox":false,"showFlares":true,"showImageEffects":true,"showParticleSystems":true,"showVisualEffectGraphs":true,"m_FxEnabled":true},"in2DMode":false,"pivot":{"x":0.9318729043006897,"y":0.2771352529525757,"z":-0.09905672073364258},"rotation":{"x":0.4899631440639496,"y":0.4704645574092865,"z":-0.3606308400630951,"w":0.6391942501068115},"size":2.5098369121551515,"orthographic":true}